<c3p0-config>
    <default-config>
        <property name="driverClass">com.mysql.jdbc.Driver</property>
        <property name="jdbcUrl">jdbc:mysql:///heima41</property>
        <property name="user">root</property>
        <property name="password">root</property>

        <property name="checkoutTimeout">30000</property>
        <property name="initialPoolSize">10</property>
        <property name="maxIdleTime">30000</property>
        <property name="maxPoolSize">100</property>
        <property name="minPoolSize">10</property>

    </default-config>

    <named-config name="store">
        <property name="driverClass">com.mysql.jdbc.Driver</property>
        <property name="jdbcUrl">jdbc:mysql:///store</property>
        <property name="user">root</property>
        <property name="password">root</property>

        <property name="checkoutTimeout">30000</property>
        <property name="initialPoolSize">10</property>
        <property name="maxIdleTime">30000</property>
        <property name="maxPoolSize">100</property>
        <property name="minPoolSize">10</property>

    </named-config>
</c3p0-config>