<?xml version="1.0" encoding="UTF-8" ?>
<!-- 注释 -->
<books>
    <book id="book1" publish="清华大学出版社">
        <name>Java 编程 思想</name>
        <author>James</author>
        <price>95</price>
        <desc>if(a&lt;b&amp;&amp;c&gt;d){}</desc>
    </book>
    <book id="book2" publish="北京大学出版社">
        <name>金瓶梅</name>
        <author>兰陵笑笑生</author>
        <price>80</price>
        <desc><![CDATA[
        if(a>b && c<d){alert("a...b");}
        ]]></desc>
    </book>
    <picture>
        <name>齐白石的虾</name>
        <author>齐白石</author>
        <price>50000000</price>
    </picture>
</books>