<?xml version="1.0" encoding="UTF-8"?>
<beans xmlns="http://www.springframework.org/schema/beans"
       xmlns:xsi="http://www.w3.org/2001/XMLSchema-instance"
       xmlns:context="http://www.springframework.org/schema/context"
       xmlns:mvc="http://www.springframework.org/schema/mvc"
       xsi:schemaLocation="http://www.springframework.org/schema/beans http://www.springframework.org/schema/beans/spring-beans.xsd http://www.springframework.org/schema/context http://www.springframework.org/schema/context/spring-context.xsd http://www.springframework.org/schema/mvc http://www.springframework.org/schema/mvc/spring-mvc.xsd">

    <!--开启包扫描-->
    <context:component-scan base-package="com.itheima"></context:component-scan>




    <!--注册视图的解析器-->
    <bean id="viewResolver" class="org.springframework.web.servlet.view.InternalResourceViewResolver">
        <property name="prefix" value="/WEB-INF/pages/"></property>
        <property name="suffix" value=".jsp"></property>
    </bean>

    <!--开启注解驱动(自动的配置组件,适配器,映射器) 默认不配组件用的就是默认的,但是如果有自定义的东西的时候,就一对要配了; 建议一开始就配好-->
    <mvc:annotation-driven></mvc:annotation-driven>

    <!-- 设置静态资源不过滤 -->
    <mvc:resources location="/css/" mapping="/css/**"/>  <!-- 样式 -->
    <mvc:resources location="/images/" mapping="/images/**"/>  <!-- 图片 -->
    <mvc:resources location="/js/" mapping="/js/**"/>  <!-- javascript -->

    <!--配置拦截器-->
    <mvc:interceptors>
        <mvc:interceptor>
            <!--配置路径的路径, 只会拦截controlle里面的方法-->
            <mvc:mapping path="/**"/>
            <!--不拦截user里面的regist-->
            <mvc:exclude-mapping path="/user/regist"></mvc:exclude-mapping>
            <!--注册自定义拦截器-->
            <bean id="interceptor01" class="com.itheima.web.Interceptor01"></bean>
        </mvc:interceptor>

        <mvc:interceptor>
            <!--配置路径的路径, 只会拦截controlle里面的方法-->
            <mvc:mapping path="/**"/>
            <!--不拦截user里面的regist-->
            <mvc:exclude-mapping path="/user/regist"></mvc:exclude-mapping>
            <!--注册自定义拦截器-->
            <bean id="interceptor02" class="com.itheima.web.Interceptor02"></bean>
        </mvc:interceptor>

    </mvc:interceptors>

</beans>